{
  "id": "N2",
  "version": "1.0.0",
  "state": {
    "mass": 3.0,
    "position": [
      3.8973676691065275,
      5.671541237466791,
      0.7184393109308955
    ],
    "velocity": [
      0.05617843365305678,
      -0.03953334818139198,
      -0.0829145762718427
    ],
    "mode": "APPROACH",
    "replication_budget": 2.0,
    "children_spawned": 0
  },
  "config": {
    "claim_radius": 0.3,
    "repulsion_radius": 1.5,
    "repulsion_gain": 2.4,
    "arbitration_range": 0.6,
    "yield_cooldown": 0
  }
}