{
  "id": "N3",
  "version": "1.0.0",
  "state": {
    "mass": 1.0,
    "position": [
      5.916326353090064,
      5.646896712650383,
      -0.726581804657661
    ],
    "velocity": [
      0.1750073194141828,
      -0.09232451737886753,
      0.09469508794356418
    ],
    "mode": "APPROACH",
    "replication_budget": 0.0,
    "children_spawned": 0
  },
  "config": {
    "claim_radius": 0.3,
    "repulsion_radius": 1.5,
    "repulsion_gain": 2.4,
    "arbitration_range": 0.6,
    "yield_cooldown": 0
  }
}