{
  "id": "N7",
  "version": "1.1.0-ASTRAL",
  "state": {
    "mass": 1.0,
    "position": [
      5.795887822407859,
      5.699427668803334,
      0.6126418238336228
    ],
    "velocity": [
      -0.08075252580685141,
      -0.08559799184334856,
      -0.030426058261540823
    ],
    "phase_echo": [
      5.79508079714979,
      5.6985721888849,
      0.6123380632510073
    ],
    "mode": "REPLICATION",
    "energy_index": 100.0
  },
  "config": {
    "claim_radius": 0.36,
    "repulsion_radius": 1.5,
    "repulsion_gain": 2.16,
    "arbitration_range": 0.6,
    "yield_cooldown": 0
  }
}