{
  "id": "N7",
  "version": "1.1.0-ASTRAL",
  "state": {
    "mass": 1.0,
    "position": [
      5.8693525039967955,
      5.5875346041344836,
      0.7954019594745037
    ],
    "velocity": [
      -0.08075252580685141,
      -0.08559799184334856,
      -0.030426058261540823
    ],
    "phase_echo": [
      5.868545478738727,
      5.58667912421605,
      0.7950981988918882
    ],
    "mode": "REPLICATION",
    "energy_index": 100.0
  },
  "config": {
    "claim_radius": 0.36,
    "repulsion_radius": 1.5,
    "repulsion_gain": 2.16,
    "arbitration_range": 0.6,
    "yield_cooldown": 0
  }
}